<?xml version="1.0" encoding="UTF-8"?>
<odoo>
<!--    <template id="website.footer_custom" inherit_id="website.layout" name="Footer">-->
<!--        <xpath expr="//div[@id='footer']" position="replace">-->
<!--            <div class="oe_structure" id="footer">-->
<!--                <section id="contact">-->
<!--                    <div class="container">-->
<!--                        <div class="row pt64 pb64">-->
<!--                            <div class="col-12 col-sm-12 col-md-6 col-lg-3 pb16">-->
<!--                                <h5 class="font-weight-bold text-white">-->
<!--                                    ABOUT US-->
<!--                                </h5>-->
<!--                                <p class="border-style"></p>-->
<!--                                <div class="text-white educat_address">-->
<!--                                    <p>Ugiat nulla pariatur. Edeserunt mollit anim id est laborum. Sed ut-->
<!--                                        perspiciatis unde omnis iste natu-->
<!--                                    </p>-->
<!--                                    <div>-->
<!--                                        <i class="fa fa-home"></i>-->
<!--                                        <span t-field="res_company.street"/>-->
<!--                                        <span t-field="res_company.country_id"/>-->
<!--                                    </div>-->
<!--                                    <div class="mt8">-->
<!--                                        <i class="fa fa-envelope-o"></i>-->
<!--                                        <span class="footer-link" t-field="res_company.email"/>-->
<!--                                    </div>-->
<!--                                    <div class="mt8">-->
<!--                                        <i class="fa fa-phone"></i>-->
<!--                                        <span t-field="res_company.phone"/>-->
<!--                                    </div>-->
<!--                                </div>-->
<!--                            </div>-->
<!--                            <div class="col-12 col-sm-6 col-md-3 col-lg-2 pb16 ">-->
<!--                                <h5 class="font-weight-bold text-white">-->
<!--                                    QUICK LINKS-->
<!--                                </h5>-->
<!--                                <p class="border-style"></p>-->
<!--                                <div class="footer-list">-->
<!--                                    <ul class="list-unstyled">-->
<!--                                        <li class="footer-link">-->
<!--                                            <a href="#">Home</a>-->
<!--                                        </li>-->
<!--                                        <li class="footer-link">-->
<!--                                            <a href="#">About Us</a>-->
<!--                                        </li>-->
<!--                                        <li class="footer-link">-->
<!--                                            <a href="#">Courses</a>-->
<!--                                        </li>-->
<!--                                        <li class="footer-link">-->
<!--                                            <a href="#">Admission</a>-->
<!--                                        </li>-->
<!--                                        <li class="footer-link">-->
<!--                                            <a href="#">Terms &amp; Conditions</a>-->
<!--                                        </li>-->
<!--                                    </ul>-->
<!--                                </div>-->
<!--                            </div>-->
<!--                            <div class="col-12 col-sm-6 col-md-3 col-lg-2 pb16">-->
<!--                                <h5 class="font-weight-bold text-white">-->
<!--                                    COURSES-->
<!--                                </h5>-->
<!--                                <p class="border-style"></p>-->
<!--                                <div class="footer-list">-->
<!--                                    <ul class="list-unstyled">-->
<!--                                        <li class="footer-link">-->
<!--                                            <a href="#">UG Programs</a>-->
<!--                                        </li>-->
<!--                                        <li class="footer-link">-->
<!--                                            <a href="#">PG Programs</a>-->
<!--                                        </li>-->
<!--                                        <li class="footer-link">-->
<!--                                            <a href="#">DiplomaCourses</a>-->
<!--                                        </li>-->
<!--                                        <li class="footer-link">-->
<!--                                            <a href="#">Other Programs</a>-->
<!--                                        </li>-->
<!--                                        <li class="footer-link">-->
<!--                                            <a href="#">Short Courses</a>-->
<!--                                        </li>-->
<!--                                    </ul>-->
<!--                                </div>-->
<!--                            </div>-->
<!--                            <div class="col-12 col-sm-6 col-md-6 col-lg-2 pb16">-->
<!--                                <h5 class="font-weight-bold text-white">-->
<!--                                    EXTRA LINKS-->
<!--                                </h5>-->
<!--                                <p class="border-style"></p>-->
<!--                                <div class="footer-list">-->
<!--                                    <ul class="list-unstyled">-->
<!--                                        <li class="footer-link">-->
<!--                                            <a href="#">Contact Us</a>-->
<!--                                        </li>-->
<!--                                        <li class="footer-link">-->
<!--                                            <a href="#">Privacy Policy</a>-->
<!--                                        </li>-->
<!--                                        <li class="footer-link">-->
<!--                                            <a href="#">Brand Assets</a>-->
<!--                                        </li>-->
<!--                                    </ul>-->
<!--                                </div>-->
<!--                            </div>-->
<!--                            <div class="col-12 col-sm-6 col-md-6 col-lg-2 pb16">-->
<!--                                <h5 class="font-weight-bold text-white">-->
<!--                                    GALLARY-->
<!--                                </h5>-->
<!--                                <p class="border-style"></p>-->
<!--                                <div class="footer-gallery">-->
<!--                                    <ul class="d-flex list-unstyled pb-1">-->
<!--                                        <li>-->
<!--                                            <a href="#">-->
<!--                                                <img src="/web_openeducat/static/src/img/gallery-1.png"-->
<!--                                                     alt=""/>-->
<!--                                            </a>-->
<!--                                        </li>-->
<!--                                        <li>-->
<!--                                            <a href="#">-->
<!--                                                <img src="/web_openeducat/static/src/img/gallery-2.png"-->
<!--                                                     alt=""/>-->
<!--                                            </a>-->
<!--                                        </li>-->
<!--                                        <li>-->
<!--                                            <a href="#">-->
<!--                                                <img src="/web_openeducat/static/src/img/gallery-3.png"-->
<!--                                                     alt=""/>-->
<!--                                            </a>-->
<!--                                        </li>-->
<!--                                        <li>-->
<!--                                            <a href="#">-->
<!--                                                <img src="/web_openeducat/static/src/img/gallery-4.png"-->
<!--                                                     alt=""/>-->
<!--                                            </a>-->
<!--                                        </li>-->
<!--                                    </ul>-->
<!--                                </div>-->
<!--                            </div>-->
<!--                        </div>-->
<!--                    </div>-->
<!--                </section>-->
<!--                &lt;!&ndash;                    <section id="footer-copy-rights" class="bg-o-color-5">&ndash;&gt;-->
<!--                &lt;!&ndash;                        <div class="container">&ndash;&gt;-->
<!--                &lt;!&ndash;                            <div class="row text-center">&ndash;&gt;-->
<!--                &lt;!&ndash;                                <div class="col-12 col-sm-12 col-md-12 col-lg-4 pt16">&ndash;&gt;-->
<!--                &lt;!&ndash;                                    <div class="copyright">&ndash;&gt;-->
<!--                &lt;!&ndash;                                        <span>Copyright &amp;copy;</span>&ndash;&gt;-->
<!--                &lt;!&ndash;                                        <span t-field="res_company.name" itemprop="name">Company name</span>&ndash;&gt;-->
<!--                &lt;!&ndash;                                        <t t-call="website.language_selector">&ndash;&gt;-->
<!--                &lt;!&ndash;                                            <t t-set="_div_classes" t-value="(_div_classes or '') + ' dropup'"/>&ndash;&gt;-->
<!--                &lt;!&ndash;                                        </t>&ndash;&gt;-->
<!--                &lt;!&ndash;                                    </div>&ndash;&gt;-->
<!--                &lt;!&ndash;                                </div>&ndash;&gt;-->
<!--                &lt;!&ndash;                                <div class="col-12 col-sm-12 col-md-12 col-lg-4 pt16">&ndash;&gt;-->
<!--                &lt;!&ndash;                                    <div class="footer-menu">&ndash;&gt;-->
<!--                &lt;!&ndash;                                        <ul class="list-unstyled list-inline">&ndash;&gt;-->
<!--                &lt;!&ndash;                                            <li class="footer-link mr-3 list-inline-item">&ndash;&gt;-->
<!--                &lt;!&ndash;                                                <a href="#">Privacy &amp; Policy</a>&ndash;&gt;-->
<!--                &lt;!&ndash;                                            </li>&ndash;&gt;-->
<!--                &lt;!&ndash;                                            <li class="footer-link list-inline-item">&ndash;&gt;-->
<!--                &lt;!&ndash;                                                <a href="#">Terms &amp; Conditions of Use</a>&ndash;&gt;-->
<!--                &lt;!&ndash;                                            </li>&ndash;&gt;-->
<!--                &lt;!&ndash;                                        </ul>&ndash;&gt;-->
<!--                &lt;!&ndash;                                    </div>&ndash;&gt;-->
<!--                &lt;!&ndash;                                </div>&ndash;&gt;-->
<!--                &lt;!&ndash;                                <div class="col-12 col-sm-12 col-md-12 col-lg-4 pt16">&ndash;&gt;-->
<!--                &lt;!&ndash;                                    <div class="footer-social">&ndash;&gt;-->
<!--                &lt;!&ndash;                                        <ul class="list-unstyled list-inline">&ndash;&gt;-->
<!--                &lt;!&ndash;                                            <li class="footer-link list-inline-item">&ndash;&gt;-->
<!--                &lt;!&ndash;                                                <a class="facebook" href="#">&ndash;&gt;-->
<!--                &lt;!&ndash;                                                    <i class="fa fa-facebook"></i>&ndash;&gt;-->
<!--                &lt;!&ndash;                                                </a>&ndash;&gt;-->
<!--                &lt;!&ndash;                                            </li>&ndash;&gt;-->
<!--                &lt;!&ndash;                                            <li class="footer-link list-inline-item">&ndash;&gt;-->
<!--                &lt;!&ndash;                                                <a class="youtube" href="#">&ndash;&gt;-->
<!--                &lt;!&ndash;                                                    <i class="fa fa-youtube-play"></i>&ndash;&gt;-->
<!--                &lt;!&ndash;                                                </a>&ndash;&gt;-->
<!--                &lt;!&ndash;                                            </li>&ndash;&gt;-->
<!--                &lt;!&ndash;                                            <li class="footer-link list-inline-item">&ndash;&gt;-->
<!--                &lt;!&ndash;                                                <a class="twitter" href="#">&ndash;&gt;-->
<!--                &lt;!&ndash;                                                    <i class="fa fa-twitter"></i>&ndash;&gt;-->
<!--                &lt;!&ndash;                                                </a>&ndash;&gt;-->
<!--                &lt;!&ndash;                                            </li>&ndash;&gt;-->
<!--                &lt;!&ndash;                                            <li class="footer-link list-inline-item">&ndash;&gt;-->
<!--                &lt;!&ndash;                                                <a class="google-plus" href="#">&ndash;&gt;-->
<!--                &lt;!&ndash;                                                    <i class="fa fa-google-plus"></i>&ndash;&gt;-->
<!--                &lt;!&ndash;                                                </a>&ndash;&gt;-->
<!--                &lt;!&ndash;                                            </li>&ndash;&gt;-->
<!--                &lt;!&ndash;                                        </ul>&ndash;&gt;-->
<!--                &lt;!&ndash;                                    </div>&ndash;&gt;-->
<!--                &lt;!&ndash;                                </div>&ndash;&gt;-->
<!--                &lt;!&ndash;                            </div>&ndash;&gt;-->
<!--                &lt;!&ndash;                        </div>&ndash;&gt;-->
<!--                &lt;!&ndash;                    </section>&ndash;&gt;-->
<!--            </div>-->
<!--        </xpath>-->
<!--    </template>-->

    <!--    <template id="layout_footer_copyright_hide"-->
    <!--              inherit_id="website.layout"-->
    <!--              name="Hide Copyrights " active="True" customize_show="False">-->
    <!--        <xpath expr="//div[hasclass('o_footer_copyright')]"-->
    <!--               position="attributes">-->
    <!--            <attribute name="class">d-none</attribute>-->
    <!--        </xpath>-->
    <!--    </template>-->


    <template id="brand_promotion_inherit" inherit_id="web.brand_promotion"
              name="Brand Promotion">
        <xpath expr="//div[hasclass('o_brand_promotion')]" position="replace">
            <div class="pull-right mt-1 mt-md-0 mt-lg-0" t-ignore="true" t-if="not editable">
                Powered by
                <a target="_blank"
                   class="" href="https://www.openeducat.org/">
                    <img alt="Openeducat"
                         src="/web_openeducat/static/src/img/footer-logo.png"
                         style="width: 70px;" class="ml-1"/>
                </a>
                - An awesome
                <a target="_blank" href="https://www.openeducat.org/" class="text-white">Open Source ERP for Educational Institutes
                </a>


            </div>
        </xpath>
    </template>


</odoo>
